{"cameraMode":{"drawMode":0,"name":"Shaded","section":"Shading Mode"},"sceneLighting":false,"audioPlay":false,"sceneViewState":{"m_AlwaysRefresh":true,"showFog":true,"showSkybox":false,"showFlares":true,"showImageEffects":true,"showParticleSystems":true,"showVisualEffectGraphs":true,"m_FxEnabled":true},"in2DMode":false,"pivot":{"x":0.04882645606994629,"y":1.6229526996612549,"z":-0.03139781951904297},"rotation":{"x":-0.4121510684490204,"y":0.0010399449383839965,"z":-0.0005552727961912751,"w":-0.9111456274986267},"size":5.084444046020508,"orthographic":false}