{"cameraMode":{"drawMode":0,"name":"Shaded","section":"Shading Mode"},"sceneLighting":false,"audioPlay":false,"sceneViewState":{"m_AlwaysRefresh":true,"showFog":true,"showSkybox":false,"showFlares":true,"showImageEffects":true,"showParticleSystems":true,"showVisualEffectGraphs":true,"m_FxEnabled":true},"in2DMode":false,"pivot":{"x":-0.009720444679260254,"y":1.45097815990448,"z":-0.03151506185531616},"rotation":{"x":-0.19789116084575654,"y":-0.7495909333229065,"z":0.2569691836833954,"w":-0.5770349502563477},"size":3.8504600524902345,"orthographic":false}