{"cameraMode":{"drawMode":0,"name":"Shaded","section":"Shading Mode"},"sceneLighting":true,"audioPlay":false,"sceneViewState":{"m_AlwaysRefresh":true,"showFog":true,"showSkybox":true,"showFlares":true,"showImageEffects":true,"showParticleSystems":true,"showVisualEffectGraphs":true,"m_FxEnabled":true},"in2DMode":false,"pivot":{"x":135.23007202148438,"y":43.451683044433597,"z":11.961973190307618},"rotation":{"x":-0.37765756249427798,"y":0.09944016486406326,"z":-0.04647044464945793,"w":-0.9202507734298706},"size":33.34754180908203,"orthographic":false}