{"cameraMode":{"drawMode":0,"name":"Shaded","section":"Shading Mode"},"sceneLighting":true,"audioPlay":false,"sceneViewState":{"m_AlwaysRefresh":true,"showFog":true,"showSkybox":true,"showFlares":true,"showImageEffects":true,"showParticleSystems":true,"showVisualEffectGraphs":true,"m_FxEnabled":true},"in2DMode":false,"pivot":{"x":112.81940460205078,"y":-48.840850830078128,"z":18.839277267456056},"rotation":{"x":-0.6634202003479004,"y":-0.07772280275821686,"z":0.06781590729951859,"w":-0.7417120933532715},"size":56.17349624633789,"orthographic":false}