{"cameraMode":{"drawMode":0,"name":"Shaded","section":"Shading Mode"},"sceneLighting":true,"audioPlay":false,"sceneViewState":{"m_AlwaysRefresh":true,"showFog":true,"showSkybox":true,"showFlares":true,"showImageEffects":true,"showParticleSystems":true,"showVisualEffectGraphs":true,"m_FxEnabled":true},"in2DMode":false,"pivot":{"x":1.5438365936279297,"y":24.643321990966798,"z":108.11760711669922},"rotation":{"x":0.11297498643398285,"y":0.873964786529541,"z":-0.41948431730270388,"w":0.22142082452774049},"size":30.230812072753908,"orthographic":false}