{"cameraMode":{"drawMode":0,"name":"Shaded","section":"Shading Mode"},"sceneLighting":true,"audioPlay":false,"sceneViewState":{"m_AlwaysRefresh":true,"showFog":true,"showSkybox":true,"showFlares":true,"showImageEffects":true,"showParticleSystems":true,"showVisualEffectGraphs":true,"m_FxEnabled":true},"in2DMode":false,"pivot":{"x":140.61215209960938,"y":-139.8036651611328,"z":180.1094512939453},"rotation":{"x":-0.4121510684490204,"y":0.0010399449383839965,"z":-0.0005552727961912751,"w":-0.9111456274986267},"size":116.34827423095703,"orthographic":false}