{"cameraMode":{"drawMode":0,"name":"Shaded","section":"Shading Mode"},"sceneLighting":true,"audioPlay":false,"sceneViewState":{"m_AlwaysRefresh":true,"showFog":true,"showSkybox":true,"showFlares":true,"showImageEffects":true,"showParticleSystems":true,"showVisualEffectGraphs":true,"m_FxEnabled":true},"in2DMode":false,"pivot":{"x":194.95327758789063,"y":-80.44334411621094,"z":101.89922332763672},"rotation":{"x":0.6700922846794128,"y":-0.06688480824232102,"z":0.06750547885894776,"w":0.7372260689735413},"size":129.18064880371095,"orthographic":false}