{"cameraMode":{"drawMode":0,"name":"Shaded","section":"Shading Mode"},"sceneLighting":true,"audioPlay":false,"sceneViewState":{"m_AlwaysRefresh":true,"showFog":true,"showSkybox":true,"showFlares":true,"showImageEffects":true,"showParticleSystems":true,"showVisualEffectGraphs":true,"m_FxEnabled":true},"in2DMode":false,"pivot":{"x":49.693424224853519,"y":-0.7171992659568787,"z":174.40829467773438},"rotation":{"x":0.19623084366321565,"y":-0.6513351202011108,"z":0.18808914721012116,"w":0.7095680236816406},"size":9.513480186462403,"orthographic":false}