{"cameraMode":{"drawMode":0,"name":"Shaded","section":"Shading Mode"},"sceneLighting":true,"audioPlay":false,"sceneViewState":{"m_AlwaysRefresh":true,"showFog":true,"showSkybox":true,"showFlares":true,"showImageEffects":true,"showParticleSystems":true,"showVisualEffectGraphs":true,"m_FxEnabled":true},"in2DMode":false,"pivot":{"x":102.36571502685547,"y":10.88725757598877,"z":176.64581298828126},"rotation":{"x":-0.29177138209342959,"y":-0.04930507764220238,"z":0.014972638338804245,"w":-0.955350399017334},"size":60.55903244018555,"orthographic":false}