{"cameraMode":{"drawMode":0,"name":"Shaded","section":"Shading Mode"},"sceneLighting":true,"audioPlay":false,"sceneViewState":{"m_AlwaysRefresh":true,"showFog":true,"showSkybox":true,"showFlares":true,"showImageEffects":true,"showParticleSystems":true,"showVisualEffectGraphs":true,"m_FxEnabled":true},"in2DMode":false,"pivot":{"x":104.92430877685547,"y":2.781064987182617,"z":82.29244995117188},"rotation":{"x":-0.3229130208492279,"y":0.004502321593463421,"z":-0.0015963955083861948,"w":-0.946442723274231},"size":2.9622812271118166,"orthographic":false}