{"cameraMode":{"drawMode":0,"name":"Shaded","section":"Shading Mode"},"sceneLighting":true,"audioPlay":false,"sceneViewState":{"m_AlwaysRefresh":true,"showFog":true,"showSkybox":true,"showFlares":true,"showImageEffects":true,"showParticleSystems":true,"showVisualEffectGraphs":true,"m_FxEnabled":true},"in2DMode":false,"pivot":{"x":126.00849151611328,"y":12.836483001708985,"z":98.7410659790039},"rotation":{"x":-0.4121510684490204,"y":0.0010399449383839965,"z":-0.0005552727961912751,"w":-0.9111456274986267},"size":23.029560089111329,"orthographic":false}