{"cameraMode":{"drawMode":0,"name":"Shaded","section":"Shading Mode"},"sceneLighting":true,"audioPlay":false,"sceneViewState":{"m_AlwaysRefresh":false,"showFog":true,"showSkybox":true,"showFlares":true,"showImageEffects":true,"showParticleSystems":true,"showVisualEffectGraphs":true,"m_FxEnabled":true},"in2DMode":false,"pivot":{"x":197.84259033203126,"y":-0.020934104919433595,"z":67.58590698242188},"rotation":{"x":-0.06732305139303208,"y":-0.9014611840248108,"z":0.15179955959320069,"w":-0.400094598531723},"size":7.768115043640137,"orthographic":false}