{"cameraMode":{"drawMode":0,"name":"Shaded","section":"Shading Mode"},"sceneLighting":true,"audioPlay":false,"sceneViewState":{"m_AlwaysRefresh":true,"showFog":true,"showSkybox":true,"showFlares":true,"showImageEffects":true,"showParticleSystems":true,"showVisualEffectGraphs":true,"m_FxEnabled":true},"in2DMode":false,"pivot":{"x":110.60619354248047,"y":-80.98897552490235,"z":100.88016510009766},"rotation":{"x":-0.41522443294525149,"y":0.028329841792583467,"z":-0.013004357926547528,"w":-0.9092133045196533},"size":372.4315490722656,"orthographic":false}