{"cameraMode":{"drawMode":0,"name":"Shaded","section":"Shading Mode"},"sceneLighting":true,"audioPlay":false,"sceneViewState":{"m_AlwaysRefresh":true,"showFog":true,"showSkybox":true,"showFlares":true,"showImageEffects":true,"showParticleSystems":true,"showVisualEffectGraphs":true,"m_FxEnabled":true},"in2DMode":false,"pivot":{"x":110.04569244384766,"y":-26.797475814819337,"z":79.38003540039063},"rotation":{"x":-0.4121510684490204,"y":0.0010399449383839965,"z":-0.0005552727961912751,"w":-0.9111456274986267},"size":82.11001586914063,"orthographic":false}