{"cameraMode":{"drawMode":0,"name":"Shaded","section":"Shading Mode"},"sceneLighting":true,"audioPlay":false,"sceneViewState":{"m_AlwaysRefresh":true,"showFog":true,"showSkybox":true,"showFlares":true,"showImageEffects":true,"showParticleSystems":true,"showVisualEffectGraphs":true,"m_FxEnabled":true},"in2DMode":false,"pivot":{"x":-331.63397216796877,"y":-231.82704162597657,"z":130.5376434326172},"rotation":{"x":0.6940303444862366,"y":-0.010883625596761704,"z":0.011182483285665512,"w":0.7203410267829895},"size":235.57366943359376,"orthographic":false}