{"cameraMode":{"drawMode":0,"name":"Shaded","section":"Shading Mode"},"sceneLighting":false,"audioPlay":false,"sceneViewState":{"m_AlwaysRefresh":true,"showFog":true,"showSkybox":false,"showFlares":true,"showImageEffects":true,"showParticleSystems":true,"showVisualEffectGraphs":true,"m_FxEnabled":true},"in2DMode":false,"pivot":{"x":234.2727508544922,"y":1.474126935005188,"z":18.668106079101564},"rotation":{"x":-0.4121510684490204,"y":0.0010399449383839965,"z":-0.0005552727961912751,"w":-0.9111456274986267},"size":4.475800037384033,"orthographic":false}